{
  "test_results": {
    "random_forest_clean": {
      "balanced": {
        "threshold": 0.5,
        "accuracy": 0.8923355062421225,
        "precision": 0.9896764508047299,
        "recall": 0.8506883635967522,
        "f1": 0.9149340759365904,
        "roc_auc": 0.9856875686059277,
        "confusion_matrix": {
          "tn": 54941,
          "fp": 1059,
          "fn": 17819,
          "tp": 101522
        },
        "false_positive_rate": 0.018910714285714284,
        "false_negative_rate": 0.14931163640324785
      },
      "security": {
        "threshold": 0.1,
        "accuracy": 0.9303756679840995,
        "precision": 0.954866978592597,
        "recall": 0.9422411409322865,
        "f1": 0.9485120453471895,
        "roc_auc": 0.9856875686059277,
        "confusion_matrix": {
          "tn": 50685,
          "fp": 5315,
          "fn": 6893,
          "tp": 112448
        },
        "false_positive_rate": 0.09491071428571428,
        "false_negative_rate": 0.057758859067713525
      },
      "operations": {
        "threshold": 0.9,
        "accuracy": 0.8310092904682875,
        "precision": 0.9987768264205493,
        "recall": 0.7526332107155127,
        "f1": 0.8584084751351119,
        "roc_auc": 0.9856875686059277,
        "confusion_matrix": {
          "tn": 55890,
          "fp": 110,
          "fn": 29521,
          "tp": 89820
        },
        "false_positive_rate": 0.0019642857142857144,
        "false_negative_rate": 0.2473667892844873
      },
      "default": {
        "threshold": 0.5,
        "accuracy": 0.8923355062421225,
        "precision": 0.9896764508047299,
        "recall": 0.8506883635967522,
        "f1": 0.9149340759365904,
        "roc_auc": 0.9856875686059277,
        "confusion_matrix": {
          "tn": 54941,
          "fp": 1059,
          "fn": 17819,
          "tp": 101522
        },
        "false_positive_rate": 0.018910714285714284,
        "false_negative_rate": 0.14931163640324785
      }
    },
    "xgboost_clean": {
      "balanced": {
        "threshold": 0.5081632653061224,
        "accuracy": 0.8929856679270678,
        "precision": 0.9890783190531302,
        "recall": 0.8521798878842979,
        "f1": 0.915539871446319,
        "roc_auc": 0.9849609649479822,
        "confusion_matrix": {
          "tn": 54877,
          "fp": 1123,
          "fn": 17641,
          "tp": 101700
        },
        "false_positive_rate": 0.020053571428571428,
        "false_negative_rate": 0.14782011211570206
      },
      "security": {
        "threshold": 0.1,
        "accuracy": 0.922088958087384,
        "precision": 0.9677430776857163,
        "recall": 0.9160640517508651,
        "f1": 0.9411947018841285,
        "roc_auc": 0.9849609649479822,
        "confusion_matrix": {
          "tn": 52356,
          "fp": 3644,
          "fn": 10017,
          "tp": 109324
        },
        "false_positive_rate": 0.06507142857142857,
        "false_negative_rate": 0.08393594824913483
      },
      "operations": {
        "threshold": 0.9,
        "accuracy": 0.8498525729863523,
        "precision": 0.9958842471157742,
        "recall": 0.7826312834650287,
        "f1": 0.8764727134525424,
        "roc_auc": 0.9849609649479822,
        "confusion_matrix": {
          "tn": 55614,
          "fp": 386,
          "fn": 25941,
          "tp": 93400
        },
        "false_positive_rate": 0.006892857142857143,
        "false_negative_rate": 0.21736871653497122
      },
      "default": {
        "threshold": 0.5,
        "accuracy": 0.8934248122230397,
        "precision": 0.9888489558037883,
        "recall": 0.8530345815771613,
        "f1": 0.9159345182665964,
        "roc_auc": 0.9849609649479822,
        "confusion_matrix": {
          "tn": 54852,
          "fp": 1148,
          "fn": 17539,
          "tp": 101802
        },
        "false_positive_rate": 0.0205,
        "false_negative_rate": 0.14696541842283875
      }
    }
  },
  "comparison_table": [
    {
      "Model": "RF",
      "Dataset": "Clean",
      "Threshold": 0.5,
      "Accuracy": 89.23355062421226,
      "Precision": 98.96764508047299,
      "Recall": 85.06883635967522,
      "F1": 91.49340759365904,
      "ROC-AUC": 0.9856875686059277,
      "FP": 1059,
      "FN": 17819
    },
    {
      "Model": "XGB",
      "Dataset": "Clean",
      "Threshold": 0.5081632653061224,
      "Accuracy": 89.29856679270678,
      "Precision": 98.90783190531302,
      "Recall": 85.21798878842979,
      "F1": 91.5539871446319,
      "ROC-AUC": 0.9849609649479822,
      "FP": 1123,
      "FN": 17641
    }
  ],
  "performance_drops": {
    "rf_accuracy_drop": null,
    "xgboost_accuracy_drop": null
  },
  "robustness_scores": {},
  "optimal_thresholds_test": {
    "balanced": 0.1,
    "security": 0.1,
    "operations": 0.9
  },
  "best_model_clean": {
    "model": "XGB",
    "f1": 91.5539871446319
  },
  "best_model_faulty": null,
  "note": "Final evaluation on test data with optimal thresholds from validation"
}